{"accuracy": [0.3855283260345459, 0.660222053527832, 0.7471286654472351, 0.8171898722648621, 0.8439892530441284, 0.8736600279808044, 0.9044793248176575, 0.910222053527832, 0.9264931082725525, 0.9370214343070984], "loss": [1.84909188747406, 0.9896671772003174, 0.7342660427093506, 0.5304595232009888, 0.4351084530353546, 0.3630143105983734, 0.27432340383529663, 0.24400773644447327, 0.206884503364563, 0.17688190937042236], "val_accuracy": [0.6192572712898254, 0.7080780863761902, 0.8416922092437744, 0.8256125450134277, 0.8912710547447205, 0.9039050340652466, 0.9555895924568176, 0.9397013783454895, 0.9467840790748596, 0.9816232919692993], "val_loss": [1.1079204082489014, 0.8306137919425964, 0.46491745114326477, 0.4839942455291748, 0.2990240156650543, 0.26287707686424255, 0.139709934592247, 0.162788525223732, 0.14513319730758667, 0.06097590923309326]}